INSERT INTO `user` (`id`, `username`) VALUES
(1, 'Nikita'),
(2, 'Jonathan'),
(3, 'Victoria');

INSERT INTO `location` (`id`, `name`, `country`) VALUES
(1, 'Kyiv', 'UA'),
(2, 'New York', 'US'),
(3, 'Las Vegas', 'US'),
(4, 'San Francisco', 'US'),
(5, 'Tel Aviv', 'IL');

INSERT INTO `hotel` (`id`, `name`, `locationId`) VALUES
(1, 'Planet Hollywood', 3),
(2, 'MGM Grand', 3),
(3, 'Bellagio Hotel', 3),
(4, 'Hilton San Francisco', 4),
(5, 'Dnipro', 1),
(6, 'The Plaza Hotel', 2),
(7, 'Royal Beach Tel Aviv', 5);

INSERT INTO `activity` (`id`, `name`, `locationId`) VALUES
(1, 'Free Kiev Walking Tour', 1),
(2, 'Las Vegas Walking Tour', 3),
(3, 'New York Walking Tour', 2),
(4, 'San Francisco Walking Tour', 4),
(5, 'Tel Aviv Walking Tour', 5);


INSERT INTO `room` (`id`, `type`, `hotelId`) VALUES
(1, 'DORM', 1),
(2, 'DORM', 1),
(3, 'DORM', 1),
(4, 'DORM', 1),
(5, 'DORM', 1),
(6, 'DORM', 1),
(7, 'DORM', 1),
(8, 'DORM', 1),
(9, 'DORM', 1),
(10, 'DORM', 1),
(11, 'PRIVATE', 1),
(12, 'PRIVATE', 1),
(13, 'PRIVATE', 1),
(14, 'PRIVATE', 1),
(15, 'PRIVATE', 1),
(16, 'PRIVATE', 1),
(17, 'PRIVATE', 1),
(18, 'PRIVATE', 1),
(19, 'PRIVATE', 1),
(20, 'PRIVATE', 1),
(21, 'DELUXE', 1),
(22, 'DELUXE', 1),
(23, 'DELUXE', 1),
(24, 'DELUXE', 1),
(25, 'DELUXE', 1),
(26, 'DELUXE', 1),
(27, 'DELUXE', 1),
(28, 'DELUXE', 1),
(29, 'DELUXE', 1),
(30, 'DELUXE', 1),
(31, 'DORM', 2),
(32, 'DORM', 2),
(33, 'DORM', 2),
(34, 'DORM', 2),
(35, 'DORM', 2),
(36, 'DORM', 2),
(37, 'DORM', 2),
(38, 'DORM', 2),
(39, 'DORM', 2),
(40, 'DORM', 2),
(41, 'PRIVATE', 2),
(42, 'PRIVATE', 2),
(43, 'PRIVATE', 2),
(44, 'PRIVATE', 2),
(45, 'PRIVATE', 2),
(46, 'PRIVATE', 2),
(47, 'PRIVATE', 2),
(48, 'PRIVATE', 2),
(49, 'PRIVATE', 2),
(50, 'PRIVATE', 2),
(51, 'DELUXE', 2),
(52, 'DELUXE', 2),
(53, 'DELUXE', 2),
(54, 'DELUXE', 2),
(55, 'DELUXE', 2),
(56, 'DELUXE', 2),
(57, 'DELUXE', 2),
(58, 'DELUXE', 2),
(59, 'DELUXE', 2),
(60, 'DELUXE', 2),
(61, 'DORM', 3),
(62, 'DORM', 3),
(63, 'DORM', 3),
(64, 'DORM', 3),
(65, 'DORM', 3),
(66, 'DORM', 3),
(67, 'DORM', 3),
(68, 'DORM', 3),
(69, 'DORM', 3),
(70, 'DORM', 3),
(71, 'PRIVATE', 3),
(72, 'PRIVATE', 3),
(73, 'PRIVATE', 3),
(74, 'PRIVATE', 3),
(75, 'PRIVATE', 3),
(76, 'PRIVATE', 3),
(77, 'PRIVATE', 3),
(78, 'PRIVATE', 3),
(79, 'PRIVATE', 3),
(80, 'PRIVATE', 3),
(81, 'DELUXE', 3),
(82, 'DELUXE', 3),
(83, 'DELUXE', 3),
(84, 'DELUXE', 3),
(85, 'DELUXE', 3),
(86, 'DELUXE', 3),
(87, 'DELUXE', 3),
(88, 'DELUXE', 3),
(89, 'DELUXE', 3),
(90, 'DELUXE', 3),
(91, 'DORM', 4),
(92, 'DORM', 4),
(93, 'DORM', 4),
(94, 'DORM', 4),
(95, 'DORM', 4),
(96, 'DORM', 4),
(97, 'DORM', 4),
(98, 'DORM', 4),
(99, 'DORM', 4),
(100, 'DORM', 4),
(101, 'PRIVATE', 4),
(102, 'PRIVATE', 4),
(103, 'PRIVATE', 4),
(104, 'PRIVATE', 4),
(105, 'PRIVATE', 4),
(106, 'PRIVATE', 4),
(107, 'PRIVATE', 4),
(108, 'PRIVATE', 4),
(109, 'PRIVATE', 4),
(110, 'PRIVATE', 4),
(111, 'DELUXE', 4),
(112, 'DELUXE', 4),
(113, 'DELUXE', 4),
(114, 'DELUXE', 4),
(115, 'DELUXE', 4),
(116, 'DELUXE', 4),
(117, 'DELUXE', 4),
(118, 'DELUXE', 4),
(119, 'DELUXE', 4),
(120, 'DELUXE', 4),
(121, 'DORM', 5),
(122, 'DORM', 5),
(123, 'DORM', 5),
(124, 'DORM', 5),
(125, 'DORM', 5),
(126, 'DORM', 5),
(127, 'DORM', 5),
(128, 'DORM', 5),
(129, 'DORM', 5),
(130, 'DORM', 5),
(131, 'PRIVATE', 5),
(132, 'PRIVATE', 5),
(133, 'PRIVATE', 5),
(134, 'PRIVATE', 5),
(135, 'PRIVATE', 5),
(136, 'PRIVATE', 5),
(137, 'PRIVATE', 5),
(138, 'PRIVATE', 5),
(139, 'PRIVATE', 5),
(140, 'PRIVATE', 5),
(141, 'DELUXE', 5),
(142, 'DELUXE', 5),
(143, 'DELUXE', 5),
(144, 'DELUXE', 5),
(145, 'DELUXE', 5),
(146, 'DELUXE', 5),
(147, 'DELUXE', 5),
(148, 'DELUXE', 5),
(149, 'DELUXE', 5),
(150, 'DELUXE', 5),
(151, 'DORM', 6),
(152, 'DORM', 6),
(153, 'DORM', 6),
(154, 'DORM', 6),
(155, 'DORM', 6),
(156, 'DORM', 6),
(157, 'DORM', 6),
(158, 'DORM', 6),
(159, 'DORM', 6),
(160, 'DORM', 6),
(161, 'PRIVATE', 6),
(162, 'PRIVATE', 6),
(163, 'PRIVATE', 6),
(164, 'PRIVATE', 6),
(165, 'PRIVATE', 6),
(166, 'PRIVATE', 6),
(167, 'PRIVATE', 6),
(168, 'PRIVATE', 6),
(169, 'PRIVATE', 6),
(170, 'PRIVATE', 6),
(171, 'DELUXE', 6),
(172, 'DELUXE', 6),
(173, 'DELUXE', 6),
(174, 'DELUXE', 6),
(175, 'DELUXE', 6),
(176, 'DELUXE', 6),
(177, 'DELUXE', 6),
(178, 'DELUXE', 6),
(179, 'DELUXE', 6),
(180, 'DELUXE', 6),
(181, 'DORM', 7),
(182, 'DORM', 7),
(183, 'DORM', 7),
(184, 'DORM', 7),
(185, 'DORM', 7),
(186, 'DORM', 7),
(187, 'DORM', 7),
(188, 'DORM', 7),
(189, 'DORM', 7),
(190, 'DORM', 7),
(191, 'PRIVATE', 7),
(192, 'PRIVATE', 7),
(193, 'PRIVATE', 7),
(194, 'PRIVATE', 7),
(195, 'PRIVATE', 7),
(196, 'PRIVATE', 7),
(197, 'PRIVATE', 7),
(198, 'PRIVATE', 7),
(199, 'PRIVATE', 7),
(200, 'PRIVATE', 7),
(201, 'DELUXE', 7),
(202, 'DELUXE', 7),
(203, 'DELUXE', 7),
(204, 'DELUXE', 7),
(205, 'DELUXE', 7),
(206, 'DELUXE', 7),
(207, 'DELUXE', 7),
(208, 'DELUXE', 7),
(209, 'DELUXE', 7),
(210, 'DELUXE', 7);

INSERT INTO `booking_activity` (`id`, `date`, `activityId`, `userId`) VALUES
(1, '2022-02-17', 1, 1),
(2, '2022-02-17', 1, 1),
(3, '2022-02-17', 1, 1),
(4, '2022-02-17', 1, 1),
(5, '2022-02-17', 1, 1),
(6, '2022-02-17', 1, 1),
(7, '2022-02-17', 1, 1),
(8, '2022-02-17', 1, 1),
(9, '2022-02-17', 1, 1),
(10, '2022-02-17', 1, 1);


INSERT INTO `booking_hotel` (`id`, `date`, `roomId`, `userId`) VALUES
(1, '2022-02-20', 141, 1),
(3, '2022-02-20', 135, 3),
(4, '2022-02-20', 1, 1),
(5, '2022-02-20', 44, 1),
(6, '2022-02-20', 55, 1),
(7, '2022-02-28', 1, 1),
(40, '2022-02-28', 2, 1),
(46, '2022-02-24', 3, 1),
(47, '2022-02-25', 3, 1),
(48, '2022-02-26', 3, 1),
(49, '2022-02-27', 3, 1),
(50, '2022-02-28', 3, 1),
(56, '2022-02-20', 3, 1),
(57, '2022-02-21', 3, 1),
(58, '2022-02-22', 3, 1),
(59, '2022-02-23', 3, 1),
(60, '2022-02-19', 9, 1);







